<?xml version="1.0" encoding="UTF-8"?>
<preferences>
 <debug showDebugMenu="0" />
 <systemtable>
  <columns>
   <connections preferredWidth="47" />
   <irq preferredWidth="34" />
  </columns>
 </systemtable>
 <clocktable>
  <columns>
   <clockname preferredWidth="236" />
   <clocksource preferredWidth="236" />
   <frequency preferredWidth="216" />
  </columns>
 </clocktable>
 <window width="1000" height="700" x="674" y="191" />
 <library
   expandedCategories="Project/Peripherals,Project/Peripherals/Display,Library,Project" />
</preferences>
