<?xml version="1.0" ?>
<LOG_ROOT>
	<PROJECT NAME="de0_vga_qsys">
		<CBX_INST_ENTRY INSTANCE_NAME="|de0_vga_qsys|system:qsys_system_0|system_cpu_0:cpu_0|lpm_add_sub:Add8" CBX_FILE_NAME="add_sub_hui.tdf"/>
		<CBX_INST_ENTRY INSTANCE_NAME="|de0_vga_qsys|system:qsys_system_0|system_cpu_0:cpu_0|system_cpu_0_nios2_oci:the_system_cpu_0_nios2_oci|system_cpu_0_nios2_oci_im:the_system_cpu_0_nios2_oci_im|system_cpu_0_traceram_lpm_dram_bdp_component_module:system_cpu_0_traceram_lpm_dram_bdp_component|altsyncram:the_altsyncram" CBX_FILE_NAME="altsyncram_n802.tdf"/>
		<CBX_INST_ENTRY INSTANCE_NAME="|de0_vga_qsys|system:qsys_system_0|system_cpu_0:cpu_0|system_cpu_0_nios2_oci:the_system_cpu_0_nios2_oci|system_cpu_0_nios2_ocimem:the_system_cpu_0_nios2_ocimem|system_cpu_0_ociram_lpm_dram_bdp_component_module:system_cpu_0_ociram_lpm_dram_bdp_component|altsyncram:the_altsyncram" CBX_FILE_NAME="altsyncram_p082.tdf"/>
		<CBX_INST_ENTRY INSTANCE_NAME="|de0_vga_qsys|system:qsys_system_0|system_cpu_0:cpu_0|system_cpu_0_register_bank_a_module:system_cpu_0_register_bank_a|altsyncram:the_altsyncram" CBX_FILE_NAME="altsyncram_vmg1.tdf"/>
		<CBX_INST_ENTRY INSTANCE_NAME="|de0_vga_qsys|system:qsys_system_0|system_jtag_uart_0:jtag_uart_0|system_jtag_uart_0_scfifo_w:the_system_jtag_uart_0_scfifo_w|scfifo:wfifo" CBX_FILE_NAME="scfifo_aq21.tdf"/>
		<CBX_INST_ENTRY INSTANCE_NAME="|de0_vga_qsys|system:qsys_system_0|vga_controller:vga_0|dma_read_master:dma|fifo:fifo_inst|dcfifo:dcfifo_component" CBX_FILE_NAME="dcfifo_eai1.tdf"/>
		<CBX_INST_ENTRY INSTANCE_NAME="|de0_vga_qsys|system:qsys_system_0|system_cpu_0:cpu_0|system_cpu_0_mult_cell:the_system_cpu_0_mult_cell|altmult_add:the_altmult_add_part_1" CBX_FILE_NAME="mult_add_dfr2.tdf"/>
		<CBX_INST_ENTRY INSTANCE_NAME="|de0_vga_qsys|system:qsys_system_0|system_jtag_uart_0:jtag_uart_0|system_jtag_uart_0_scfifo_r:the_system_jtag_uart_0_scfifo_r|scfifo:rfifo" CBX_FILE_NAME="scfifo_aq21.tdf"/>
		<CBX_INST_ENTRY INSTANCE_NAME="|de0_vga_qsys|system:qsys_system_0|system_cpu_0:cpu_0|system_cpu_0_ic_data_module:system_cpu_0_ic_data|altsyncram:the_altsyncram" CBX_FILE_NAME="altsyncram_3id1.tdf"/>
		<CBX_INST_ENTRY INSTANCE_NAME="|de0_vga_qsys|system:qsys_system_0|system_cpu_0:cpu_0|system_cpu_0_ic_tag_module:system_cpu_0_ic_tag|altsyncram:the_altsyncram" CBX_FILE_NAME="altsyncram_q0h1.tdf"/>
		<CBX_INST_ENTRY INSTANCE_NAME="|de0_vga_qsys|system:qsys_system_0|system_cpu_0:cpu_0|system_cpu_0_mult_cell:the_system_cpu_0_mult_cell|altmult_add:the_altmult_add_part_2" CBX_FILE_NAME="mult_add_ffr2.tdf"/>
		<CBX_INST_ENTRY INSTANCE_NAME="|de0_vga_qsys|system:qsys_system_0|system_cpu_0:cpu_0|system_cpu_0_register_bank_b_module:system_cpu_0_register_bank_b|altsyncram:the_altsyncram" CBX_FILE_NAME="altsyncram_0ng1.tdf"/>
	</PROJECT>
</LOG_ROOT>
